well,DEPTH,final_code,final_lithology,final_label_source,feature_1,feature_2,feature_interaction
SYN_01,1000.0,4,silty mudstone,human,0.11725642145400907,1.2148750035192937,0.059870243338298074
SYN_01,1001.0,3,mudstone,human,1.6991996671849305,-0.47415849061925863,-0.733717155810314
SYN_01,1002.0,0,fine sandstone,human,-0.09425621852689048,0.12093707970676265,0.24454670802774017
SYN_01,1003.0,3,mudstone,human,2.6378247764279696,0.03807511415465903,0.18314613263800766
SYN_01,1004.0,0,fine sandstone,human,-1.6602767722086256,1.0261113679347043,-1.7478980847915588
SYN_01,1005.0,3,mudstone,human,0.892917368596612,-0.9163480346702768,-0.7898400801873574
SYN_01,1006.0,0,fine sandstone,human,-0.5867319535250827,0.2510765250913461,-0.24585500341416378
SYN_01,1007.0,0,fine sandstone,human,-1.8468008004811605,0.04472989041565334,-0.22571749580469874
SYN_01,1008.0,0,fine sandstone,human,-1.7972884382355705,1.1755013622818211,-2.1720462043831796
SYN_01,1009.0,0,fine sandstone,human,-1.1537654851814385,-0.07957842901996404,0.10877990275823987
SYN_01,1010.0,0,fine sandstone,human,-2.2526044937102014,0.1794906052847522,-0.1788674513303708
SYN_01,1011.0,0,fine sandstone,human,-1.6158080270561812,1.0888567467202825,-1.7138780591527913
SYN_01,1012.0,3,mudstone,human,0.8206831255074463,-1.0971848566278817,-0.7717501575554643
SYN_01,1013.0,4,silty mudstone,human,-0.09273559969053183,2.292580793160467,-0.2845117576921681
SYN_01,1014.0,4,silty mudstone,human,0.03636174604621454,1.7616181174198242,0.10137152791884854
SYN_01,1015.0,0,fine sandstone,human,-1.973765528535823,0.19683718780310389,-0.4081084773563122
SYN_01,1016.0,3,mudstone,human,0.43529068285271777,-0.4324688915353866,-0.12944776097311655
SYN_01,1017.0,3,mudstone,human,-0.17157114681699037,-1.6737584816120759,0.1590123345028687
SYN_01,1018.0,0,fine sandstone,human,-1.2306819554384267,1.5454548190439956,-1.940199003789596
SYN_01,1019.0,0,fine sandstone,human,-1.1573168945833123,-0.0026872984352179774,-0.1015735657125027
SYN_01,1020.0,3,mudstone,human,-0.17164999509813061,-0.785303569837543,0.22951902219542508
SYN_01,1021.0,3,mudstone,human,0.7086324267450352,-0.07290490265228533,-0.03187729281074236
SYN_01,1022.0,3,mudstone,human,0.884798434821282,-0.5125044996286461,-0.4047254221320652
SYN_01,1023.0,3,mudstone,human,1.5361188067823555,-1.1721085781954423,-2.029302946440645
SYN_01,1024.0,0,fine sandstone,human,-1.2320640127439884,0.22303097636355346,-0.2775061604412429
SYN_01,1025.0,0,fine sandstone,human,-0.37980968489745115,-0.022552348521589716,0.08504533405115895
SYN_01,1026.0,0,fine sandstone,human,-0.7749475475942624,0.7592366734803668,-0.47651778224013824
SYN_01,1027.0,4,silty mudstone,human,-0.24727395022882287,1.188113701656171,-0.18989128847339515
SYN_01,1028.0,3,mudstone,human,1.3009903150028714,-0.07594237489910982,-0.07757133646090925
SYN_01,1029.0,3,mudstone,human,1.797785018744902,-0.9121715761176725,-1.7459213096858437
SYN_01,1030.0,0,fine sandstone,human,-2.4155737556529795,-0.021832091017470856,0.13458737670157644
SYN_01,1031.0,4,silty mudstone,human,-0.8008854754364799,1.302686427927382,-0.8326442433910933
SYN_01,1032.0,0,fine sandstone,human,-0.829436928653803,1.4243608325986994,-1.2805736930317189
SYN_01,1033.0,3,mudstone,human,-0.448160931462929,-0.01294097742463085,-0.13589461324735447
SYN_01,1034.0,3,mudstone,human,0.9548332495863686,-0.66258483014892,-0.7275476677341565
SYN_01,1035.0,3,mudstone,human,1.7587734888695477,0.003537318661188227,0.06136575970499862
SYN_01,1036.0,0,fine sandstone,human,-1.3113945599282655,0.6245869704922897,-0.9286707565129446
SYN_01,1037.0,4,silty mudstone,human,-0.12665976373355148,1.4764019807544175,-0.2722240111689149
SYN_01,1038.0,3,mudstone,human,1.3718934802361336,-1.4843721432852213,-2.081742363247434
SYN_01,1039.0,0,fine sandstone,human,-2.534257495025663,0.7772778061504577,-1.8955615585392906
SYN_01,1040.0,3,mudstone,human,1.2465361027344175,0.6879118579013574,0.951486071749308
SYN_01,1041.0,0,fine sandstone,human,-1.8132695759360522,1.8606386575216938,-3.465871266831866
SYN_01,1042.0,3,mudstone,human,1.3386315159580686,-0.3995676335846476,-0.6228461289496734
SYN_01,1043.0,0,fine sandstone,human,-0.5277329510774285,0.7061654133980115,-0.3155712984960575
SYN_01,1044.0,0,fine sandstone,human,-1.6668278449620721,1.1801852402316189,-2.0532594168994467
SYN_01,1045.0,0,fine sandstone,human,-2.2737123305714997,1.2414320439356632,-2.865332224557059
SYN_01,1046.0,3,mudstone,human,0.928678850877838,0.1902470308559574,0.2903275288162372
SYN_01,1047.0,0,fine sandstone,human,-0.9471846832568489,1.063825468482242,-1.0803900584535113
SYN_01,1048.0,0,fine sandstone,human,-0.88097597293631,1.0838371113780179,-0.8792922281328636
SYN_01,1049.0,0,fine sandstone,human,-1.407448742905661,-1.344838375040854,1.9485213314854786
SYN_01,1050.0,4,silty mudstone,human,0.06800734735217777,1.3440917484586483,0.1692179769739724
SYN_01,1051.0,4,silty mudstone,human,0.15096194195091417,1.6308464247733165,0.09783664581191898
SYN_01,1052.0,3,mudstone,human,0.1021978983838181,-0.5858634323190968,-0.05226830024620026
SYN_01,1053.0,3,mudstone,human,0.9811327939579051,-0.6879999824247025,-0.6338737032604042
SYN_01,1054.0,0,fine sandstone,human,-1.2753385819570018,0.6077539838539257,-0.7494806684608675
SYN_01,1055.0,3,mudstone,human,1.416000552102802,-1.028475853747284,-1.3776827546385082
SYN_01,1056.0,3,mudstone,human,1.2548361531952832,-0.7184304428145708,-0.9490236711940844
SYN_01,1057.0,3,mudstone,human,1.107852262736698,-0.33914493799607653,-0.483220242107244
SYN_01,1058.0,3,mudstone,human,0.9390053997428871,-0.73875939852745,-0.7598192297399522
SYN_01,1059.0,3,mudstone,human,0.5642169834095765,-1.5467049629432343,-0.9829899509246982
SYN_02,1000.0,0,fine sandstone,human,-0.17981774095310188,0.8331115369845473,-0.29462799827809893
SYN_02,1001.0,3,mudstone,human,0.8674824927294689,-1.7568027444772967,-1.7069168105468269
SYN_02,1002.0,3,mudstone,human,1.1780910272154177,-0.8351641209808303,-1.0526103764042458
SYN_02,1003.0,0,fine sandstone,human,-2.532593085250426,-0.20845468058323258,0.5441504921854756
SYN_02,1004.0,0,fine sandstone,human,-1.3669556387391013,0.7708613830658464,-0.9013938223144528
SYN_02,1005.0,3,mudstone,human,0.6289117219653612,-0.639505084712279,-0.4159720887759286
SYN_02,1006.0,0,fine sandstone,human,-1.6575939901580206,0.3036159644215791,-0.40719667684925204
SYN_02,1007.0,0,fine sandstone,human,-1.950127624227111,0.9965304572587901,-1.7956328529742553
SYN_02,1008.0,3,mudstone,human,0.8351558890287301,-0.7465295384103792,-0.7646484710357213
SYN_02,1009.0,3,mudstone,human,2.1137968119787294,-0.38454581319956055,-0.7956241276619067
SYN_02,1010.0,0,fine sandstone,human,-1.3529065089095886,0.6514972715446393,-0.9465384927227606
SYN_02,1011.0,0,fine sandstone,human,-1.228703220411431,-0.03577713002144506,0.09369143415417622
SYN_02,1012.0,0,fine sandstone,human,-1.75751448941699,0.8737705016247546,-1.5477012322351749
SYN_02,1013.0,0,fine sandstone,human,-1.236686846117701,1.906455392353918,-2.2772649927101423
SYN_02,1014.0,0,fine sandstone,human,-1.2372069611616825,0.4482056180032537,-0.6584393224301422
SYN_02,1015.0,0,fine sandstone,human,-0.7881755645399166,1.2271809284017063,-0.9607985089529382
SYN_02,1016.0,3,mudstone,human,1.7377161496316391,-0.9301275477354094,-1.7936030959131357
SYN_02,1017.0,3,mudstone,human,0.4562217503327327,-1.4024848276071538,-0.6672980852294632
SYN_02,1018.0,4,silty mudstone,human,0.2603422551972009,0.9615245514798336,0.2423009591113138
SYN_02,1019.0,3,mudstone,human,0.9251464611249768,-1.2405027837240947,-1.238578669801531
SYN_02,1020.0,4,silty mudstone,human,-0.036546644758979265,1.8621961600729484,-0.12837982892287503
SYN_02,1021.0,0,fine sandstone,human,-1.7977625893597016,0.35538466740357794,-0.6099023988265068
SYN_02,1022.0,3,mudstone,human,0.5168435395974345,-1.0410625490363934,-0.5611933077062388
SYN_02,1023.0,3,mudstone,human,0.21831743231510148,-0.9627572173032328,-0.26619146390832793
SYN_02,1024.0,3,mudstone,human,1.6863668489428845,-1.1326498803165657,-1.8643521094134212
SYN_02,1025.0,3,mudstone,human,1.0242381719254432,-1.4330047230946272,-1.592633106671804
SYN_02,1026.0,0,fine sandstone,human,-1.6295142873927841,0.7572983958268289,-1.291352487034282
SYN_02,1027.0,0,fine sandstone,human,-1.7453821165612369,-1.0240990326055832,1.7477602478770955
SYN_02,1028.0,3,mudstone,human,0.9873661951490276,-0.6516450497463588,-0.6004930670816382
SYN_02,1029.0,0,fine sandstone,human,-1.5648116568269468,0.31243242266557325,-0.4056702715506648
SYN_02,1030.0,0,fine sandstone,human,-1.4591381772499423,-0.7255103285330952,1.1606207864439022
SYN_02,1031.0,0,fine sandstone,human,-1.977221444566782,1.1136557754855279,-2.0325293843037326
SYN_02,1032.0,0,fine sandstone,human,-0.9651553693242478,0.8780691877931208,-0.6616933212693075
SYN_02,1033.0,0,fine sandstone,human,-1.9906655589071898,0.5529372562252427,-1.0768065386743106
SYN_02,1034.0,4,silty mudstone,human,-0.6164075062398924,2.4319175661406396,-1.557121580732225
SYN_02,1035.0,0,fine sandstone,human,-1.7866826584093354,0.5598684615862386,-0.8971955114743853
SYN_02,1036.0,4,silty mudstone,human,-0.41507278394633895,1.126227691332114,-0.4170555520709888
SYN_02,1037.0,3,mudstone,human,0.031414834500473,-1.2602814705898338,-0.12341504714333096
SYN_02,1038.0,0,fine sandstone,human,-1.6233810395304649,0.3548781372952813,-0.39168159669178615
SYN_02,1039.0,0,fine sandstone,human,-0.8854486829406973,0.43721044508846724,-0.4095976018515212
SYN_02,1040.0,3,mudstone,human,1.2963960053012253,-0.6597886983272313,-0.7662265372275192
SYN_02,1041.0,4,silty mudstone,human,0.6750391025072702,0.9219188831737656,0.3970457995999076
SYN_02,1042.0,0,fine sandstone,human,-1.3964885625938133,0.4657420221852717,-0.6217255212077442
SYN_02,1043.0,3,mudstone,human,0.4861497385275399,-0.9902988025896591,-0.42555983417800136
SYN_02,1044.0,0,fine sandstone,human,-1.0475900377124558,1.0915007587056769,-1.3600732623836602
SYN_02,1045.0,3,mudstone,human,-0.0912593579741714,-0.1430180632897442,0.07387159039183071
SYN_02,1046.0,3,mudstone,human,1.2518919914578268,-1.0164059064986868,-1.3198459537166531
SYN_02,1047.0,3,mudstone,human,0.9253948648275881,-1.3438824164758656,-1.3966380558472469
SYN_02,1048.0,4,silty mudstone,human,-0.6953106411839911,1.4842744288259093,-0.9683126758368437
SYN_02,1049.0,4,silty mudstone,human,0.8236954521222652,1.6119220301538206,1.3749845461001904
SYN_02,1050.0,3,mudstone,human,1.74398032003264,-1.2623163754150353,-2.297384053562851
SYN_02,1051.0,4,silty mudstone,human,-0.38035960166229377,1.3778993054423287,-0.32177365364269184
SYN_02,1052.0,3,mudstone,human,0.6236405507689802,-0.22043196255809006,-0.18473639156207167
SYN_02,1053.0,3,mudstone,human,1.0857817083557095,-0.533330198263089,-0.5257849197987464
SYN_02,1054.0,3,mudstone,human,1.2285784142899534,-1.218508381798389,-1.3514183585777957
SYN_02,1055.0,0,fine sandstone,human,-0.8449514003693764,0.07507199552204963,-0.012855872031516252
SYN_02,1056.0,0,fine sandstone,human,-1.9747356197195725,0.4734615071183081,-1.05206994173987
SYN_02,1057.0,3,mudstone,human,1.2106044158921603,0.6081968322713566,0.8833697722280628
SYN_02,1058.0,3,mudstone,human,1.2174314912422712,-1.325424419791052,-1.5755876266632816
SYN_02,1059.0,3,mudstone,human,1.4670086615833242,-0.9181801788546848,-1.3340504197910783
SYN_03,1000.0,3,mudstone,human,0.2701181101340737,-1.4409353569013517,-0.33038867092762236
SYN_03,1001.0,0,fine sandstone,human,-2.186213598390755,0.4822814754293283,-1.0229504167727783
SYN_03,1002.0,0,fine sandstone,human,-0.9296129363085581,-0.17786505234769612,0.20342727371616134
SYN_03,1003.0,3,mudstone,human,0.7276933759648325,-0.15962033764015293,-0.1904298859515372
SYN_03,1004.0,0,fine sandstone,human,-2.0138324691867697,0.6474601101313875,-1.3894574122546832
SYN_03,1005.0,3,mudstone,human,0.08481514901845233,-0.44761457988342696,0.005074140068013565
SYN_03,1006.0,0,fine sandstone,human,-3.114603483308393,-0.06314290107933623,0.08586140097466137
SYN_03,1007.0,3,mudstone,human,1.151069909733207,-0.16636899118013593,0.014309189650571597
SYN_03,1008.0,3,mudstone,human,1.1850482016772452,-1.450656341994783,-1.8322249156960764
SYN_03,1009.0,4,silty mudstone,human,-0.6273257488193171,1.6420525113088669,-0.9035597023159598
SYN_03,1010.0,0,fine sandstone,human,-2.458086944268281,0.7019719975686087,-1.632722606449072
SYN_03,1011.0,0,fine sandstone,human,-1.2295379106679993,2.0154657338058666,-2.424566642028201
SYN_03,1012.0,3,mudstone,human,0.8145493866968393,-0.5973896866708166,-0.5410210788121605
SYN_03,1013.0,3,mudstone,human,0.19208315400400955,-0.6915602885807366,-0.017474503528390153
SYN_03,1014.0,0,fine sandstone,human,-1.5325366916986822,0.8602095107869133,-1.3558800083916613
SYN_03,1015.0,3,mudstone,human,1.693944015669214,-0.7952556407394209,-1.2936871471000277
SYN_03,1016.0,0,fine sandstone,human,-0.9819300280999668,-0.278689487180396,0.2554408329800579
SYN_03,1017.0,0,fine sandstone,human,-0.3910310466953142,0.41559582684675955,-0.022250195908093767
SYN_03,1018.0,4,silty mudstone,human,0.38292884021799367,0.48348502442733654,0.25587742677436465
SYN_03,1019.0,4,silty mudstone,human,-0.7018795471284317,1.52796502230215,-1.1140075328707613
SYN_03,1020.0,3,mudstone,human,0.8086478389476973,-0.9380895542259199,-0.7343172885714417
SYN_03,1021.0,3,mudstone,human,0.5501065837358232,-1.578137441946451,-0.9691392422534182
SYN_03,1022.0,0,fine sandstone,human,-0.8993891631279094,1.2595964081717397,-1.1096101827613336
SYN_03,1023.0,0,fine sandstone,human,-0.940057564606961,0.885776467441945,-0.9692632369461396
SYN_03,1024.0,4,silty mudstone,human,-1.1332793516248494,1.3717213397149082,-1.7437746169498416
SYN_03,1025.0,0,fine sandstone,human,-1.5531880604771187,-0.3417623295622506,0.46841750697041734
SYN_03,1026.0,0,fine sandstone,human,-1.816473898403408,0.6573482671571118,-1.258780319587548
SYN_03,1027.0,4,silty mudstone,human,-0.7345853998902556,1.4217520659709264,-0.7476799128364664
SYN_03,1028.0,0,fine sandstone,human,-1.1322947946795374,-0.5751135781567687,0.6603295041859358
SYN_03,1029.0,3,mudstone,human,2.210782368701638,-0.818079560399325,-1.6805292785611547
SYN_03,1030.0,0,fine sandstone,human,-0.7927582754263046,0.9915369377675036,-0.6809696380110811
SYN_03,1031.0,3,mudstone,human,0.9521361774868453,-0.9948086578100656,-0.9750482317028857
SYN_03,1032.0,0,fine sandstone,human,-1.3371718557369596,0.6108666000049978,-0.9444008746181379
SYN_03,1033.0,4,silty mudstone,human,-0.2575729546513944,1.3770685630354118,-0.3439097030715151
SYN_03,1034.0,0,fine sandstone,human,-1.57364835639301,0.8005507371080969,-1.2701843937472022
SYN_03,1035.0,0,fine sandstone,human,-1.6098125719948748,-0.22108092806113078,0.2781589429307557
SYN_03,1036.0,3,mudstone,human,0.9229657075098359,-0.8430625985280942,-0.9819884744701858
SYN_03,1037.0,0,fine sandstone,human,-0.8949542344756743,0.04604527495983296,-0.1314008090836145
SYN_03,1038.0,3,mudstone,human,1.409769783248805,-0.3209749299783504,-0.523641697536562
SYN_03,1039.0,3,mudstone,human,0.6010890484279383,-1.514676687940173,-0.8290328797133364
SYN_03,1040.0,4,silty mudstone,human,0.3942515675956997,1.1779431544803738,0.6035743829155558
SYN_03,1041.0,0,fine sandstone,human,-0.8981004452646655,0.335494431832507,-0.22914921818881895
SYN_03,1042.0,0,fine sandstone,human,-2.313390861399568,0.2659520270917155,-0.5900853306439268
SYN_03,1043.0,3,mudstone,human,0.7909461217187435,0.12232399011009942,0.1278049762906878
SYN_03,1044.0,3,mudstone,human,0.9982324177302739,-1.56664671475137,-1.582626291284013
SYN_03,1045.0,0,fine sandstone,human,-1.834258195795935,1.571732565686955,-2.924526230925805
SYN_03,1046.0,3,mudstone,human,0.8621605872896748,-0.29474640364992055,-0.18845217245322865
SYN_03,1047.0,0,fine sandstone,human,-2.179541926826951,0.7166099338295259,-1.4908501379816133
SYN_03,1048.0,3,mudstone,human,0.6967727902533755,-0.6705027739936796,-0.45671498461922033
SYN_03,1049.0,3,mudstone,human,0.03472079490702762,-1.1843998113970473,-0.0390516851433739
SYN_03,1050.0,3,mudstone,human,0.47413626057384606,-0.6331276839745194,-0.19999187403824492
SYN_03,1051.0,3,mudstone,human,0.9470598382726931,-1.0889895291252487,-0.8950540816775631
SYN_03,1052.0,3,mudstone,human,0.8723185813507525,-0.7258884350941459,-0.7095504799536145
SYN_03,1053.0,0,fine sandstone,human,-1.523027562380553,0.8964011010689725,-1.290870749755962
SYN_03,1054.0,0,fine sandstone,human,-1.50620908556527,0.40147161896110856,-0.5848027254439992
SYN_03,1055.0,4,silty mudstone,human,-0.6209740130883533,1.3046876424986742,-0.8613334945278993
SYN_03,1056.0,3,mudstone,human,0.03450761754764764,-0.8265640846783816,-0.042902492374491744
SYN_03,1057.0,3,mudstone,human,-0.00841445514722472,-1.3001541356824133,0.0022311374727358394
SYN_03,1058.0,0,fine sandstone,human,-2.9934003360650223,0.4893512315381195,-1.4381517929381111
SYN_03,1059.0,3,mudstone,human,1.1535729869089628,-1.2002894970766842,-1.5268960818807715
SYN_04,1000.0,3,mudstone,human,0.9838727779232799,-1.0022953800417933,-0.9424189415876022
SYN_04,1001.0,3,mudstone,human,-0.07854219269773677,-1.1818784848124375,0.038549293581449394
SYN_04,1002.0,0,fine sandstone,human,-0.8381568576779038,0.10631494289753934,-0.014719194896190987
SYN_04,1003.0,3,mudstone,human,0.9693354332449015,-0.5373556473872401,-0.29904430426029677
SYN_04,1004.0,0,fine sandstone,human,-0.26769635251179713,0.8085584721775809,-0.1019755193354015
SYN_04,1005.0,0,fine sandstone,human,-1.3258717045995259,-0.05031117573372412,-0.017887481037734798
SYN_04,1006.0,0,fine sandstone,human,-1.0169414437678992,1.071703239711968,-1.162797469516733
SYN_04,1007.0,3,mudstone,human,1.3331612964108572,-1.5886007971713583,-2.2394958916290606
SYN_04,1008.0,3,mudstone,human,1.5470870377774562,-1.3083599576444696,-2.0956893165649038
SYN_04,1009.0,3,mudstone,human,2.161893080896418,-0.9305277306896858,-2.016149415031191
SYN_04,1010.0,0,fine sandstone,human,-1.250888639145412,0.5426728019211705,-0.7496059590199567
SYN_04,1011.0,3,mudstone,human,1.1069187085849264,-0.42164619891885624,-0.4987920107521025
SYN_04,1012.0,0,fine sandstone,human,-2.432966580749404,0.007547653898879181,0.05844456627710899
SYN_04,1013.0,3,mudstone,human,1.6918876675038188,-0.7832102417658247,-1.1823621592387166
SYN_04,1014.0,0,fine sandstone,human,-1.6963959905717085,0.9744347793749755,-1.6320502770837981
SYN_04,1015.0,3,mudstone,human,1.4471762854658299,-2.3952042271853293,-3.3770343952174513
SYN_04,1016.0,0,fine sandstone,human,-0.9964784135264072,1.2891631681001603,-1.265803529273578
SYN_04,1017.0,0,fine sandstone,human,-1.6599238091918784,-0.0666203696530916,0.151145820083627
SYN_04,1018.0,3,mudstone,human,1.2446830221430771,-1.2820661525533996,-1.702567294496768
SYN_04,1019.0,3,mudstone,human,1.9092061649952052,-1.0843346540156011,-2.0770700761287295
SYN_04,1020.0,4,silty mudstone,human,-0.11794610543540546,2.03418953819662,-0.12837880612330996
SYN_04,1021.0,4,silty mudstone,human,-0.38650954319733943,1.2967123295092493,-0.593402792688905
SYN_04,1022.0,0,fine sandstone,human,-0.10471405020847668,0.5566410787975342,-0.08630977438021603
SYN_04,1023.0,4,silty mudstone,human,-0.010229353078565734,1.6070869804860823,-0.04104248075089102
SYN_04,1024.0,3,mudstone,human,1.9238575482398255,-1.4280976269578483,-2.8709218637283134
SYN_04,1025.0,0,fine sandstone,human,-0.34883981025546185,0.1221562452783587,0.09937402298941009
SYN_04,1026.0,0,fine sandstone,human,-0.6406769272315502,-0.34404338291874437,0.15947023716157233
SYN_04,1027.0,0,fine sandstone,human,-1.0974813620125632,0.22478175273928408,-0.21640600404292765
SYN_04,1028.0,0,fine sandstone,human,-1.4614776760170785,0.29253820653508267,-0.3273895521673312
SYN_04,1029.0,3,mudstone,human,1.8084992687171564,-1.3600194904304586,-2.482791526527706
SYN_04,1030.0,3,mudstone,human,1.0056615745750002,-1.639924155289818,-1.55540954425908
SYN_04,1031.0,0,fine sandstone,human,-0.8140184367998284,0.5956960662554525,-0.4959356066299622
SYN_04,1032.0,3,mudstone,human,1.5540777183128498,-0.4832900346603345,-0.6350674419363196
SYN_04,1033.0,3,mudstone,human,0.9818489569666833,-0.7903100861701214,-0.8148436771039745
SYN_04,1034.0,0,fine sandstone,human,-1.3022210337838933,0.825739150303981,-1.0699210868927402
SYN_04,1035.0,3,mudstone,human,0.9908639509660162,-0.6633929027070229,-0.5907818979216727
SYN_04,1036.0,4,silty mudstone,human,-0.23946488598711563,1.0111530994487536,-0.17090569425399016
SYN_04,1037.0,0,fine sandstone,human,-0.8352702428868664,0.23020891914810415,-0.0727010839635182
SYN_04,1038.0,3,mudstone,human,1.0208797231194489,-1.9306795496200486,-2.0505809367903556
SYN_04,1039.0,4,silty mudstone,human,-0.6357190816332824,1.9078067692375775,-1.1623079356999133
SYN_04,1040.0,0,fine sandstone,human,-1.0593163148605762,-0.8237917092305551,0.7249311449956198
SYN_04,1041.0,0,fine sandstone,human,-1.2075136221842486,-0.555101180894256,0.764471705765129
SYN_04,1042.0,0,fine sandstone,human,-1.181229423587833,0.26344655902451874,-0.31753184071117263
SYN_04,1043.0,3,mudstone,human,0.5528123686272548,-1.4865748310116251,-1.011662232283136
SYN_04,1044.0,0,fine sandstone,human,-1.1116940983837726,0.5381319422888358,-0.6219983439041383
SYN_04,1045.0,4,silty mudstone,human,0.020002759813209675,0.8649581992762009,0.04237012184710001
SYN_04,1046.0,0,fine sandstone,human,-2.4728805880954394,-0.21722066207327118,0.47131926643868355
SYN_04,1047.0,3,mudstone,human,0.7957263945735573,-0.8560418680642772,-0.7004156967248725
SYN_04,1048.0,4,silty mudstone,human,0.26090198346337634,1.9578892836432737,0.6480274465938785
SYN_04,1049.0,0,fine sandstone,human,-0.7684211537359925,0.9593034330842299,-0.5641848724280176
SYN_04,1050.0,0,fine sandstone,human,-0.9208742943649084,-0.364148638484874,0.4358630587922774
SYN_04,1051.0,3,mudstone,human,0.5281903724692609,-0.0340702128173519,0.15450899335424595
SYN_04,1052.0,3,mudstone,human,0.7903700708543087,-1.5148885938497527,-1.2661882537674338
SYN_04,1053.0,0,fine sandstone,human,-1.160400099480556,0.9756349312176793,-1.2556696833832528
SYN_04,1054.0,3,mudstone,human,1.560440182336327,-1.9998257892326825,-2.9992387079018066
SYN_04,1055.0,3,mudstone,human,1.041314717714239,-0.8651255379256485,-0.9114805636441635
SYN_04,1056.0,0,fine sandstone,human,-0.6099475942728552,0.52065899849368,-0.14878121395518612
SYN_04,1057.0,3,mudstone,human,0.09845622999858972,-1.4175332511060712,-0.2741675083151126
SYN_04,1058.0,3,mudstone,human,1.4701745391870489,-1.80878643962089,-2.4161293963307684
SYN_04,1059.0,4,silty mudstone,human,0.22589534724960564,1.9459536717653916,0.3429488342213292
SYN_05,1000.0,0,fine sandstone,human,-1.3438088490304527,0.9138720361922881,-1.4367767220029786
SYN_05,1001.0,4,silty mudstone,human,0.7997397459944601,2.7956873623091165,2.285786813554952
SYN_05,1002.0,0,fine sandstone,human,-1.2240292951137899,0.3073725679944819,-0.3062562144623409
SYN_05,1003.0,3,mudstone,human,0.6659633322353072,-1.1344571373428805,-0.9683972843074676
SYN_05,1004.0,3,mudstone,human,1.1569934858129667,-0.8705030966434211,-1.0307631630053102
SYN_05,1005.0,0,fine sandstone,human,-1.1777113408954782,0.220850921284152,-0.24136347488366763
SYN_05,1006.0,4,silty mudstone,human,-0.47039819136636274,1.5172148617053731,-0.7418368616929542
SYN_05,1007.0,0,fine sandstone,human,-2.1160037116228696,-0.031075543919924287,0.00650682087996686
SYN_05,1008.0,3,mudstone,human,0.7142278382418715,-0.5954907700758242,-0.4658154242392295
SYN_05,1009.0,0,fine sandstone,human,-1.2045801532678548,0.37050372436674806,-0.7053149499722213
SYN_05,1010.0,0,fine sandstone,human,-1.244308810299744,0.1538247904171503,-0.20739008841129492
SYN_05,1011.0,0,fine sandstone,human,-1.5977841154351453,0.9027481346448969,-1.4469879945185722
SYN_05,1012.0,3,mudstone,human,1.4131081703960202,-0.3343942802984021,-0.5291994363912993
SYN_05,1013.0,0,fine sandstone,human,-0.728040733974647,0.6892775853354579,-0.6076170175838488
SYN_05,1014.0,0,fine sandstone,human,-1.2402265056361572,0.6219444660609983,-0.6443602421057137
SYN_05,1015.0,3,mudstone,human,0.831847359044757,0.060342055453819876,0.12718329406465462
SYN_05,1016.0,3,mudstone,human,-0.1392827368717089,-1.2428781723038007,0.2317662611663833
SYN_05,1017.0,3,mudstone,human,0.223125192966659,-0.48699891849995464,0.029599828352737237
SYN_05,1018.0,0,fine sandstone,human,-1.3239296978330222,1.278756147920396,-1.5605897849114934
SYN_05,1019.0,0,fine sandstone,human,-1.2074291966185486,0.5582300739790096,-0.6558994377177824
SYN_05,1020.0,0,fine sandstone,human,-0.9317489379407089,-0.20381932286398152,0.17541675502830226
SYN_05,1021.0,0,fine sandstone,human,-2.0967308240676283,0.4023431934600602,-0.8655459092367279
SYN_05,1022.0,3,mudstone,human,0.02397282605440354,-1.3568586856332399,-0.07233672299920672
SYN_05,1023.0,0,fine sandstone,human,0.011748810917010521,-0.11845860059310709,0.011063487726568646
SYN_05,1024.0,0,fine sandstone,human,-1.667893248168809,0.38738846309965946,-0.5476050450508193
SYN_05,1025.0,0,fine sandstone,human,-1.005679888800087,0.7877991056031528,-0.7433978436265493
SYN_05,1026.0,3,mudstone,human,1.34008378211675,-1.8058736959573327,-2.381417429970964
SYN_05,1027.0,3,mudstone,human,0.9767622637082835,-0.5263646155479178,-0.43049540169231293
SYN_05,1028.0,0,fine sandstone,human,-0.9478264544951399,0.9201106469886773,-0.9892510357441745
SYN_05,1029.0,3,mudstone,human,1.2698527677671865,-0.7797249069373473,-0.998785146832844
SYN_05,1030.0,3,mudstone,human,1.7386331018779693,-0.9694256597193182,-1.7521360962331696
SYN_05,1031.0,3,mudstone,human,0.30109664499369937,-0.8728907434729787,-0.15575584886893706
SYN_05,1032.0,4,silty mudstone,human,-0.7937252924991942,1.7005188136586666,-1.6030209677587937
SYN_05,1033.0,0,fine sandstone,human,-1.556083320809209,0.7936557730269834,-1.2888504936233145
SYN_05,1034.0,0,fine sandstone,human,-1.8375604698734076,0.3907928422945842,-0.619194618778218
SYN_05,1035.0,4,silty mudstone,human,0.9441232585131643,2.331015092779782,2.2689944196431395
SYN_05,1036.0,0,fine sandstone,human,-0.9781223937768875,1.067828959151775,-1.1601046213651363
SYN_05,1037.0,4,silty mudstone,human,-0.4095024501384933,2.2206878071098077,-0.8237497695962714
SYN_05,1038.0,3,mudstone,human,1.504854192602494,-0.6141772920095018,-1.0067467612662113
SYN_05,1039.0,3,mudstone,human,0.4295028021137852,-0.2560667403612864,-0.0016987211511350908
SYN_05,1040.0,0,fine sandstone,human,-1.7927012304011316,0.20515275252881704,-0.378066907075582
SYN_05,1041.0,4,silty mudstone,human,0.6046098148319456,1.4046405897236611,0.7640368373574655
SYN_05,1042.0,3,mudstone,human,1.56718941752053,-0.42645337663261035,-0.7377587833696319
SYN_05,1043.0,0,fine sandstone,human,-1.539085814433462,1.1298978648012956,-1.8670972571094127
SYN_05,1044.0,0,fine sandstone,human,-1.3375227095585416,0.7995636059817077,-1.052995861895511
SYN_05,1045.0,4,silty mudstone,human,0.6347371154323673,0.7194030036175751,0.45839268044954085
SYN_05,1046.0,3,mudstone,human,1.1891980912959101,-0.5582918759135366,-0.6062282459276829
SYN_05,1047.0,0,fine sandstone,human,-1.8182179396099762,1.2974822705993274,-2.313701245799274
SYN_05,1048.0,3,mudstone,human,1.331905529348512,-1.0135230030273337,-1.3318418853150564
SYN_05,1049.0,4,silty mudstone,human,0.8553125180666833,1.567320062598527,1.3600842093379766
SYN_05,1050.0,3,mudstone,human,1.1977528692997645,-1.5416202623816124,-1.8637360608015743
SYN_05,1051.0,3,mudstone,human,1.4047180838395439,-0.9693629423977373,-1.3658985812162427
SYN_05,1052.0,3,mudstone,human,1.0055478624153353,-1.515062205701367,-1.4430367837716997
SYN_05,1053.0,3,mudstone,human,0.2788347433908904,-0.5137562232828466,-0.15661274552113752
SYN_05,1054.0,3,mudstone,human,0.8359408828117338,-0.691699796660032,-0.5028521837952176
SYN_05,1055.0,3,mudstone,human,1.4709615087247792,-0.9402608663058678,-1.3995339101667377
SYN_05,1056.0,3,mudstone,human,0.5508730045663415,-1.4558396092173127,-0.7068888014065257
SYN_05,1057.0,3,mudstone,human,0.42006989227022506,-1.0927403667859612,-0.4210869090180029
SYN_05,1058.0,0,fine sandstone,human,-1.9176711502999169,0.8149576752727259,-1.6471954743113726
SYN_05,1059.0,0,fine sandstone,human,-1.8014772249657065,0.2845761368199115,-0.5977629275430619
SYN_06,1000.0,3,mudstone,human,0.6383235539402947,-1.0508921381409158,-0.6503349330744455
SYN_06,1001.0,4,silty mudstone,human,-0.45178823992472184,1.6937169175504327,-0.7823069758239078
SYN_06,1002.0,0,fine sandstone,human,-0.9272107880827604,1.0153347058502418,-0.934569414310501
SYN_06,1003.0,3,mudstone,human,0.7193274754963598,-0.15856403562266658,-0.10094098732059487
SYN_06,1004.0,4,silty mudstone,human,-0.39195315074341197,1.7233693920048894,-0.7433583047538489
SYN_06,1005.0,3,mudstone,human,-0.3969490281059489,-1.142534557264722,0.4089783455029018
SYN_06,1006.0,3,mudstone,human,0.7398136336300385,-1.4322787717674372,-1.101266251126855
SYN_06,1007.0,0,fine sandstone,human,-0.973711073248825,0.06680239847022185,-0.04607615712241214
SYN_06,1008.0,0,fine sandstone,human,-2.3231684766071297,0.8891984228320664,-2.129118339897734
SYN_06,1009.0,0,fine sandstone,human,-1.9457532171002927,1.1904816695173885,-2.2767225690620307
SYN_06,1010.0,0,fine sandstone,human,-0.6874284842509786,0.7906142770311927,-0.5157462829743896
SYN_06,1011.0,4,silty mudstone,human,-0.12093835419082702,1.8461137397810687,-0.23865637956019947
SYN_06,1012.0,0,fine sandstone,human,-1.5614097783926155,0.5404849234120715,-0.9783238451775398
SYN_06,1013.0,3,mudstone,human,0.974858452433315,-0.4461649618370761,-0.4297107283202511
SYN_06,1014.0,3,mudstone,human,1.2999999499313342,-0.8206783344454298,-1.07081200204645
SYN_06,1015.0,0,fine sandstone,human,-1.1958934852577174,1.5946765895591333,-2.0438264692598915
SYN_06,1016.0,3,mudstone,human,2.093821998728654,-1.0283442097816744,-2.193725907790879
SYN_06,1017.0,0,fine sandstone,human,-1.0589808120441273,0.9227584070613688,-0.9869501487860922
SYN_06,1018.0,3,mudstone,human,1.1108690165874222,0.02675497643705782,0.2809603470430612
SYN_06,1019.0,0,fine sandstone,human,-0.9855250181176272,0.9818818408504542,-0.9842536697345059
SYN_06,1020.0,4,silty mudstone,human,0.9969351210489867,1.580581317733166,1.6195450399485172
SYN_06,1021.0,3,mudstone,human,0.4223796908034566,-1.9807063825001903,-0.6182179339985049
SYN_06,1022.0,0,fine sandstone,human,-0.6256679558996047,1.0922514708427369,-0.7820095783173004
SYN_06,1023.0,3,mudstone,human,0.10574369620400126,-0.7790733492881324,-0.07702768314057083
SYN_06,1024.0,0,fine sandstone,human,-0.813301162359902,0.6445646594164153,-0.4036832204752149
SYN_06,1025.0,0,fine sandstone,human,-1.0167198901284356,0.7925085337662614,-0.6968812314706185
SYN_06,1026.0,0,fine sandstone,human,-1.5688382877105367,0.8300020266212735,-1.3631820646051256
SYN_06,1027.0,0,fine sandstone,human,-1.5725499587391463,1.3879297019905579,-2.0805384949440557
SYN_06,1028.0,3,mudstone,human,1.286823141816393,-0.012279784217983813,0.015410969226413548
SYN_06,1029.0,0,fine sandstone,human,-0.4678739727561737,0.22262404968680194,-0.1243701874364055
SYN_06,1030.0,3,mudstone,human,1.2053438942107437,-1.1557388389654373,-1.465091924968209
SYN_06,1031.0,3,mudstone,human,0.3229893041261912,-0.3222919810613313,-0.15533113821178143
SYN_06,1032.0,0,fine sandstone,human,-1.0549351504857885,0.9024555207055605,-0.9729475336774623
SYN_06,1033.0,3,mudstone,human,1.0118200567999251,-0.5882704906246223,-0.5584627358000304
SYN_06,1034.0,0,fine sandstone,human,-0.4715417331925995,0.10172306250093721,-0.0442872772571054
SYN_06,1035.0,0,fine sandstone,human,-1.850956458830321,1.3586851353387632,-2.7005886152270615
SYN_06,1036.0,3,mudstone,human,1.090223202980235,-0.8611035551194564,-1.0006164766947652
SYN_06,1037.0,3,mudstone,human,1.3869081668653325,-0.39413300616139757,-0.6461725776776457
SYN_06,1038.0,0,fine sandstone,human,-0.9495546186199224,0.7855168098647978,-0.8246705729914651
SYN_06,1039.0,0,fine sandstone,human,-1.9910024574895755,1.0331545389206713,-1.9939320248349657
SYN_06,1040.0,4,silty mudstone,human,0.378915084931559,1.382778148678944,0.6377288870451236
SYN_06,1041.0,4,silty mudstone,human,1.961766854133137,1.7202280428446048,3.4211030060341687
SYN_06,1042.0,0,fine sandstone,human,-1.6477135388038842,0.24165589024765705,-0.23115741655685115
SYN_06,1043.0,3,mudstone,human,2.226749669549849,-0.784297311524191,-1.8177650749196512
SYN_06,1044.0,3,mudstone,human,0.4907575150420176,-0.9654228624149955,-0.4755233398512317
SYN_06,1045.0,3,mudstone,human,0.31095125495706877,-1.0167796041412902,-0.2298654433352485
SYN_06,1046.0,0,fine sandstone,human,-1.3045901673414797,0.2443089413453936,-0.4429774930151797
SYN_06,1047.0,3,mudstone,human,1.5669884183851077,-1.1900474148177078,-1.8872389332630466
SYN_06,1048.0,4,silty mudstone,human,0.6282046877959213,1.895842734107129,1.2114892603279297
SYN_06,1049.0,3,mudstone,human,1.1463945381048493,-1.142150202414273,-1.3892390423060736
SYN_06,1050.0,3,mudstone,human,0.7285012910938953,-2.0971232798640536,-1.5774580493509545
SYN_06,1051.0,0,fine sandstone,human,-1.2720753924674373,0.5872155680853466,-0.7675522666621334
SYN_06,1052.0,3,mudstone,human,1.0941676882296518,-0.5372105453263156,-0.4336201912563521
SYN_06,1053.0,0,fine sandstone,human,-1.1317575761261232,1.0538965931854487,-1.2598179308887427
SYN_06,1054.0,3,mudstone,human,1.163413195530497,-0.5240361568254217,-0.639937212372762
SYN_06,1055.0,0,fine sandstone,human,-2.1479469934583078,-0.035966517848934676,0.11464151397460465
SYN_06,1056.0,3,mudstone,human,0.9604236866217326,-0.7879813101708826,-0.8313764615839733
SYN_06,1057.0,4,silty mudstone,human,0.13941421679237834,1.9210225484889882,0.4463658383820083
SYN_06,1058.0,3,mudstone,human,0.9857378830802768,-0.7478565490413474,-0.7160646574471028
SYN_06,1059.0,0,fine sandstone,human,-0.56518762604395,1.7915813575779782,-0.9622009803791538
SYN_07,1000.0,0,fine sandstone,human,-1.6354397861022774,0.27154703782432416,-0.5274459511971288
SYN_07,1001.0,0,fine sandstone,human,-1.755338371519695,-0.4890792897569785,1.050121171628089
SYN_07,1002.0,0,fine sandstone,human,-0.6266419407307912,0.9228547996012089,-0.5889953763454844
SYN_07,1003.0,3,mudstone,human,0.30786665512463995,0.4023841484346584,0.027208030863609844
SYN_07,1004.0,0,fine sandstone,human,-0.6057038779147996,0.6385573923799008,-0.4805039255290722
SYN_07,1005.0,0,fine sandstone,human,-1.8418356118055155,0.27329763814216945,-0.5685420489353616
SYN_07,1006.0,0,fine sandstone,human,-2.1711902371250256,0.6951562113929414,-1.6039349259724531
SYN_07,1007.0,4,silty mudstone,human,0.3256888212460126,1.3935350372164765,0.46524761255804314
SYN_07,1008.0,0,fine sandstone,human,-1.3303392554972142,0.2887093306599358,-0.396721782246339
SYN_07,1009.0,3,mudstone,human,0.9008929941883921,0.33731144112308153,0.17235822511676588
SYN_07,1010.0,0,fine sandstone,human,-1.781431274320829,0.2876568902019029,-0.641585872506286
SYN_07,1011.0,3,mudstone,human,0.06922979930927098,-1.5979660200230428,-0.12104976648208246
SYN_07,1012.0,4,silty mudstone,human,-0.39956318771287314,1.5557699518688202,-0.7696624556936944
SYN_07,1013.0,3,mudstone,human,0.301826613934989,-0.37472601783826426,-0.04357178413689407
SYN_07,1014.0,0,fine sandstone,human,-2.267279931983218,0.8807751858624664,-2.057818907263144
SYN_07,1015.0,4,silty mudstone,human,-0.7213383402000967,1.8291495550278984,-1.2359874640153259
SYN_07,1016.0,3,mudstone,human,-0.5848680885249931,-0.4056141935002918,0.18005080577967345
SYN_07,1017.0,3,mudstone,human,0.49154325995471054,-1.0293351723784427,-0.40726876646322147
SYN_07,1018.0,3,mudstone,human,1.4651459952771309,-0.6821985007726874,-0.931504244713472
SYN_07,1019.0,0,fine sandstone,human,-0.2651719560022845,0.4333512572624085,-0.22711267999316032
SYN_07,1020.0,0,fine sandstone,human,-1.1508629340987826,0.7934196517661836,-0.9397795833138296
SYN_07,1021.0,3,mudstone,human,0.6568219140241843,0.2149387896143624,0.10482367066977678
SYN_07,1022.0,3,mudstone,human,0.2731974156911945,-2.1953986392215015,-0.5283458856561463
SYN_07,1023.0,0,fine sandstone,human,-0.7354954566015578,-0.13787993141277383,0.14955942186503382
SYN_07,1024.0,0,fine sandstone,human,-1.6185769500246576,0.4814224169701984,-0.8475017435854048
SYN_07,1025.0,3,mudstone,human,0.7640251880099588,-0.41722621158044326,-0.3787323073030226
SYN_07,1026.0,0,fine sandstone,human,-1.8000809678700997,-0.05106660183107631,0.19545679065424154
SYN_07,1027.0,0,fine sandstone,human,-1.8843522862505586,0.7639317930856973,-1.5724131365354472
SYN_07,1028.0,3,mudstone,human,-0.3959146680821908,-1.1264057047340312,0.4607388277421739
SYN_07,1029.0,3,mudstone,human,1.3693022957124512,-0.4488781377800192,-0.591113070404728
SYN_07,1030.0,0,fine sandstone,human,-2.7927372357975555,0.6945050225539615,-2.095499431123224
SYN_07,1031.0,3,mudstone,human,0.39245007605688226,0.0464413303678789,0.1098872061619875
SYN_07,1032.0,0,fine sandstone,human,-2.015216434578109,0.28385814141282417,-0.5014923226428021
SYN_07,1033.0,4,silty mudstone,human,-0.20218608719147593,1.3504468191911485,-0.39267241629716176
SYN_07,1034.0,3,mudstone,human,1.074457823004161,-0.5067099008776723,-0.6314447329632609
SYN_07,1035.0,0,fine sandstone,human,-2.5313777340294923,1.361563752820399,-3.5237804283529215
SYN_07,1036.0,0,fine sandstone,human,-1.1886243808182457,0.035603250525243824,-0.12354547107081684
SYN_07,1037.0,0,fine sandstone,human,-0.8912819227700761,0.3049763512818222,-0.20160270341547765
SYN_07,1038.0,3,mudstone,human,1.2210633441560725,-1.092028709623282,-1.3106322824586916
SYN_07,1039.0,3,mudstone,human,1.210869846522062,-0.2154559236508461,-0.29377096252092005
SYN_07,1040.0,0,fine sandstone,human,-1.4066814483372378,-0.0015078269217161377,0.07415487977704695
SYN_07,1041.0,3,mudstone,human,0.844940729974654,-1.4963562778378803,-1.3048449267719697
SYN_07,1042.0,4,silty mudstone,human,-0.17186201862477168,1.1759377742680612,-0.2792461332769673
SYN_07,1043.0,0,fine sandstone,human,-2.303566400668549,0.519587285421802,-1.2443524190873418
SYN_07,1044.0,3,mudstone,human,1.296056086049516,-0.8798893427186543,-1.0618244978415756
SYN_07,1045.0,3,mudstone,human,0.1406386299465846,-0.6392247242155145,-0.022234183947682576
SYN_07,1046.0,3,mudstone,human,1.2027697605561554,-0.963221153512696,-1.2512382043055164
SYN_07,1047.0,3,mudstone,human,1.7122944739572872,-0.9203976592486037,-1.6987650805895744
SYN_07,1048.0,4,silty mudstone,human,-0.21463068015422823,1.6426772142322978,-0.42695793812614224
SYN_07,1049.0,0,fine sandstone,human,-1.1712030242384526,0.928005715562819,-1.0942004760801358
SYN_07,1050.0,4,silty mudstone,human,0.4600058651709765,1.4252000379186092,0.6062285276440132
SYN_07,1051.0,4,silty mudstone,human,0.7752782421318992,1.7984806105443512,1.4028789557866193
SYN_07,1052.0,3,mudstone,human,-0.17587073192743707,-1.5016289161966463,0.09577833757164445
SYN_07,1053.0,3,mudstone,human,0.7855782686611119,-0.8297525371426046,-0.6130176025853735
SYN_07,1054.0,3,mudstone,human,1.3750223388389988,-1.574834946055585,-2.3018717299407077
SYN_07,1055.0,3,mudstone,human,0.3066204210405864,-0.5880312988608197,-0.15396958924616838
SYN_07,1056.0,0,fine sandstone,human,-1.9610353534168605,0.13460766165188193,-0.2286503151400164
SYN_07,1057.0,0,fine sandstone,human,-1.35486489816728,0.9899852562976466,-1.4247903848187475
SYN_07,1058.0,0,fine sandstone,human,-1.4679649270384638,-0.009723776470409728,0.12618584968091404
SYN_07,1059.0,3,mudstone,human,1.3689500797944567,-0.5734603097489553,-0.6904823714459649
SYN_08,1000.0,3,mudstone,human,0.9239307978677337,-0.42301507283896,-0.5232756767870392
SYN_08,1001.0,0,fine sandstone,human,-1.9714120299490134,0.39764766234469934,-0.7166297027391882
SYN_08,1002.0,3,mudstone,human,1.1437225804118902,-0.031646800544266385,-0.062442116217818096
SYN_08,1003.0,3,mudstone,human,1.265270786126891,-1.0821818952971536,-1.515194268764182
SYN_08,1004.0,0,fine sandstone,human,-1.70482634793645,0.27429453569318735,-0.27145155879264826
SYN_08,1005.0,4,silty mudstone,human,-0.44479717956668086,1.2308844661183636,-0.4106649247262535
SYN_08,1006.0,4,silty mudstone,human,-0.10404786781339997,1.96515208896743,-0.4320937120356856
SYN_08,1007.0,4,silty mudstone,human,-0.2721632706877847,1.9265054319940473,-0.6941160157805382
SYN_08,1008.0,0,fine sandstone,human,-0.940449529685128,0.6877879373006285,-0.7032059827916949
SYN_08,1009.0,0,fine sandstone,human,-1.190200832733296,1.0221891720036773,-1.2221146158784773
SYN_08,1010.0,3,mudstone,human,1.7006805191544359,-0.2404301504608093,-0.2555382983460943
SYN_08,1011.0,3,mudstone,human,0.927028380654668,-0.546152597568301,-0.6121027655502481
SYN_08,1012.0,0,fine sandstone,human,-0.7003353497417789,0.3136813757471427,-0.15856300075734978
SYN_08,1013.0,0,fine sandstone,human,-1.1938194672485412,0.5834457512033558,-0.6741011907982658
SYN_08,1014.0,4,silty mudstone,human,-0.14867407856701614,1.3344946861388458,-0.2612082747838677
SYN_08,1015.0,0,fine sandstone,human,-1.339102424498904,0.9780620286836343,-1.34938903845851
SYN_08,1016.0,0,fine sandstone,human,-1.3587664654533578,1.0759736187881621,-1.3941503880569197
SYN_08,1017.0,3,mudstone,human,1.0686713504685479,0.5946529540374542,0.5295809741827586
SYN_08,1018.0,0,fine sandstone,human,-0.1629013418810069,0.7932384498602822,-0.030334833519071888
SYN_08,1019.0,3,mudstone,human,0.9881483212992936,-0.053404073633461224,-0.15281914494513332
SYN_08,1020.0,0,fine sandstone,human,-0.6086065308432856,0.7930023341100978,-0.394174377921953
SYN_08,1021.0,3,mudstone,human,0.8873541846175517,-0.42542472516165597,-0.45727868429759494
SYN_08,1022.0,0,fine sandstone,human,-1.2433749021491534,0.5400518690841909,-0.733474879990509
SYN_08,1023.0,3,mudstone,human,0.8841656557269397,-1.2468231582989646,-1.1163530021793995
SYN_08,1024.0,3,mudstone,human,1.950236790526389,0.7821911024459139,1.4404615336628628
SYN_08,1025.0,0,fine sandstone,human,-1.461665404950904,0.8320704269651029,-1.167511604807634
SYN_08,1026.0,3,mudstone,human,0.445611926405742,-1.7852062831340874,-0.7707295281121899
SYN_08,1027.0,0,fine sandstone,human,-0.31041394080749385,1.3756981947788751,-0.42886748212545694
SYN_08,1028.0,0,fine sandstone,human,-0.2794859856126223,0.5819720651637886,-0.30310765794116246
SYN_08,1029.0,3,mudstone,human,1.083272256377494,-0.11646564331979126,-0.11407195693474893
SYN_08,1030.0,4,silty mudstone,human,-0.05417885353388746,1.6938462110891783,-0.05903950006504538
SYN_08,1031.0,3,mudstone,human,1.2333533591578492,-0.481422860306812,-0.556839475042933
SYN_08,1032.0,0,fine sandstone,human,-0.45548208731350726,0.7336006381184877,-0.3500756568350554
SYN_08,1033.0,4,silty mudstone,human,0.4549040358492066,1.963032068628457,0.7182372719527494
SYN_08,1034.0,0,fine sandstone,human,-0.41169442862940364,1.515623555521438,-0.6220467502427398
SYN_08,1035.0,0,fine sandstone,human,-0.7040094146998895,0.2992370593769411,-0.14399733504218457
SYN_08,1036.0,3,mudstone,human,0.6913247014916037,-0.5412195003866281,-0.31716160110165303
SYN_08,1037.0,4,silty mudstone,human,-0.1733398569607722,1.115275012762408,-0.22832849380907566
SYN_08,1038.0,0,fine sandstone,human,-1.3509847157140191,0.5071573146736884,-0.7955683651812504
SYN_08,1039.0,3,mudstone,human,1.7543882466882728,-0.7666773549707437,-1.3015141656304714
SYN_08,1040.0,3,mudstone,human,0.2644914359919851,-0.9252318618210607,-0.08583737922704915
SYN_08,1041.0,4,silty mudstone,human,-0.22381184929506176,1.8103829144829966,-0.19691830721669673
SYN_08,1042.0,3,mudstone,human,1.1571862896412426,0.12023868176269858,0.04888214377717273
SYN_08,1043.0,3,mudstone,human,0.8950515243978566,-0.6623025376610476,-0.647584956294738
SYN_08,1044.0,0,fine sandstone,human,-0.8539269029636699,-0.22024090094150195,0.08122370423820725
SYN_08,1045.0,0,fine sandstone,human,-0.32316271920802997,0.7268176483150601,-0.1870612198382237
SYN_08,1046.0,0,fine sandstone,human,-0.11840669066602016,-0.20611213887416047,-0.2750461353669849
SYN_08,1047.0,3,mudstone,human,2.1298492036541985,-1.3194515941599603,-2.8035115640526658
SYN_08,1048.0,0,fine sandstone,human,-1.940613576184007,-0.6146020210465902,1.1831543907028694
SYN_08,1049.0,3,mudstone,human,1.4070513722195535,-1.0514396864675535,-1.7355637244151436
SYN_08,1050.0,0,fine sandstone,human,-0.8822644491695076,1.608498996725625,-1.594604465982629
SYN_08,1051.0,3,mudstone,human,1.567847387291333,-0.503387618826914,-0.9769124999357257
SYN_08,1052.0,3,mudstone,human,1.7027354573550522,-0.5496580090775229,-0.9526296384635822
SYN_08,1053.0,3,mudstone,human,1.8501851892543615,-0.624934971239087,-1.0307577131328958
SYN_08,1054.0,3,mudstone,human,2.5897852444674925,-0.5315879126412973,-1.3345619061976186
SYN_08,1055.0,0,fine sandstone,human,-1.3615939987280814,1.4319280246648722,-2.0736599072690476
SYN_08,1056.0,0,fine sandstone,human,-1.3245466547517404,0.6397008606625998,-0.8655880239572832
SYN_08,1057.0,0,fine sandstone,human,-1.4305043903768166,1.1098827651973204,-1.6187563240435425
SYN_08,1058.0,3,mudstone,human,-0.021892692279660952,-0.04858821520549661,0.1741239307365155
SYN_08,1059.0,3,mudstone,human,0.8548150217512807,0.050193721307760675,-0.01044385424600406
SYN_09,1000.0,0,fine sandstone,human,-2.1522757356573576,0.6959287898478288,-1.584997428440087
SYN_09,1001.0,3,mudstone,human,0.8591906215254194,-1.6417407648319164,-1.5025997604846604
SYN_09,1002.0,0,fine sandstone,human,-1.3627184248309625,0.8984138510457624,-1.3374644213180582
SYN_09,1003.0,0,fine sandstone,human,-2.154330503429472,0.3482642103405332,-0.7421033103887184
SYN_09,1004.0,0,fine sandstone,human,-1.5983570175460713,0.9614830138360475,-1.7162634603637454
SYN_09,1005.0,0,fine sandstone,human,-1.814663815594177,0.35064828403668247,-0.7318416811557046
SYN_09,1006.0,0,fine sandstone,human,-1.1783372603383642,0.3517440510245241,-0.4474454353442283
SYN_09,1007.0,0,fine sandstone,human,-0.03750468099061455,-0.14680876158491313,-0.028832903730170518
SYN_09,1008.0,3,mudstone,human,1.1054447798427847,-1.3272882386589022,-1.4617773641573975
SYN_09,1009.0,0,fine sandstone,human,-0.893651447947137,0.4572486717957553,-0.34241595488436954
SYN_09,1010.0,4,silty mudstone,human,-0.26997760756213535,1.2184669025504982,-0.14465715047511668
SYN_09,1011.0,3,mudstone,human,1.0975035674311182,-0.46682118559212454,-0.585516318097965
SYN_09,1012.0,3,mudstone,human,0.7175054711028752,-0.3673153210107811,-0.2620549663966374
SYN_09,1013.0,3,mudstone,human,0.15500374959302932,-1.3986469244957154,-0.2311451016318458
SYN_09,1014.0,3,mudstone,human,1.7026174950171522,-0.6809663353398141,-1.2430941965578228
SYN_09,1015.0,0,fine sandstone,human,-1.3689401511840154,0.38578954034536406,-0.7025790281349367
SYN_09,1016.0,3,mudstone,human,0.8239079422667273,-1.1205698865046871,-0.9452425791458028
SYN_09,1017.0,0,fine sandstone,human,-1.8494577805373764,0.5426454011795703,-1.051729221481968
SYN_09,1018.0,4,silty mudstone,human,-0.48184784123093055,2.2823052632933614,-1.1438895951523609
SYN_09,1019.0,4,silty mudstone,human,-0.807385291449673,1.9662885359018736,-1.4530548556783416
SYN_09,1020.0,0,fine sandstone,human,-1.887122551143444,0.1388668251092105,-0.2868104194862386
SYN_09,1021.0,3,mudstone,human,0.621105136567914,-1.6383293920000135,-1.1326820448458932
SYN_09,1022.0,0,fine sandstone,human,-0.182383704191319,0.04804459974534925,-0.06934313007334349
SYN_09,1023.0,3,mudstone,human,1.2651788017571441,-1.1884424537109908,-1.578227745689215
SYN_09,1024.0,0,fine sandstone,human,-1.937420524047352,0.6166715924951993,-1.182184773401119
SYN_09,1025.0,0,fine sandstone,human,-0.7462488018602176,0.13660703168881616,0.02038001129852074
SYN_09,1026.0,3,mudstone,human,0.9208873363990829,-1.2152847885646505,-1.0812556605603802
SYN_09,1027.0,3,mudstone,human,1.028724164514541,-0.8116327123184147,-0.9181387974247134
SYN_09,1028.0,3,mudstone,human,0.7829191474845417,-1.0472209785584823,-0.7543937089142714
SYN_09,1029.0,4,silty mudstone,human,0.6447403364831475,1.7668546138455679,1.2062376967978485
SYN_09,1030.0,0,fine sandstone,human,-0.7536718958942614,0.9679957990558201,-0.7759305641559578
SYN_09,1031.0,3,mudstone,human,0.19878710931784582,-0.867548965166694,-0.02890184677678631
SYN_09,1032.0,3,mudstone,human,0.1507228593635921,-1.4262201056717947,-0.21608696044834783
SYN_09,1033.0,0,fine sandstone,human,-1.6638208558995569,0.849832758535181,-1.413296020171477
SYN_09,1034.0,0,fine sandstone,human,-0.8955132896276952,0.5035304513938688,-0.4174008622861568
SYN_09,1035.0,3,mudstone,human,0.19432829668041673,-1.2687359020978952,-0.44998820184398913
SYN_09,1036.0,3,mudstone,human,0.41846231411674994,-1.2194175292012406,-0.48298925189638825
SYN_09,1037.0,3,mudstone,human,0.20943106026706193,-0.057212655744098506,0.10307838798165711
SYN_09,1038.0,0,fine sandstone,human,-1.9165846012285503,-0.5644149934721618,0.9147930789089079
SYN_09,1039.0,4,silty mudstone,human,0.11243234609960705,0.7372240682772093,0.04705873776242165
SYN_09,1040.0,4,silty mudstone,human,0.25272240120692857,1.5515035539282218,0.4589348938939196
SYN_09,1041.0,4,silty mudstone,human,-0.7639416222363729,1.6857805439187465,-1.2252530054221038
SYN_09,1042.0,3,mudstone,human,1.3673388835729712,-0.5296449809769246,-0.8579847990364005
SYN_09,1043.0,3,mudstone,human,-0.4963691242034953,-0.75897862110064,0.5302209065565879
SYN_09,1044.0,3,mudstone,human,0.4232164130111067,-1.3318904122838346,-0.5523287153338523
SYN_09,1045.0,0,fine sandstone,human,-0.7573917246772722,0.72654192911425,-0.6744183491596487
SYN_09,1046.0,0,fine sandstone,human,-1.5905690353223865,0.07865779544144197,-0.07352926635561959
SYN_09,1047.0,3,mudstone,human,1.2646710409278876,-1.3799736849932793,-1.8317976398921967
SYN_09,1048.0,0,fine sandstone,human,-1.1915472427133955,0.25282542156955345,-0.38363972333502194
SYN_09,1049.0,0,fine sandstone,human,-1.5976472673683766,0.6639601255569498,-1.1013536958564243
SYN_09,1050.0,3,mudstone,human,0.7850511637984939,-1.3244814036594201,-0.9855976897487544
SYN_09,1051.0,0,fine sandstone,human,-1.6332918213209662,0.49477862344212575,-0.7963297511496501
SYN_09,1052.0,3,mudstone,human,0.6385375423078884,-1.3540622629249595,-0.8774958199137888
SYN_09,1053.0,3,mudstone,human,0.6833908178834849,-0.4297388482549541,-0.38353250714397513
SYN_09,1054.0,3,mudstone,human,1.2696162604290582,-0.33144090585802133,-0.35982787695290014
SYN_09,1055.0,0,fine sandstone,human,-0.9356209078452344,0.2408298032766798,-0.18430000520062034
SYN_09,1056.0,0,fine sandstone,human,-1.0883112666747037,-0.4335348903883021,0.43598305717785363
SYN_09,1057.0,3,mudstone,human,0.19906829290958794,-1.8565522815981779,-0.3745645816615826
SYN_09,1058.0,0,fine sandstone,human,-1.0921560748938628,0.04517306897812223,0.00016005362838452525
SYN_09,1059.0,4,silty mudstone,human,0.28342878393008514,1.4282192292542526,0.35367175862040884
SYN_10,1000.0,3,mudstone,human,1.6305872446641598,-1.111471587860977,-1.8257745902682507
SYN_10,1001.0,0,fine sandstone,human,-0.1255408417564502,0.6173128008356479,-0.05975554644632937
SYN_10,1002.0,3,mudstone,human,1.5249089164239966,-0.29775294183491524,-0.4685316905735181
SYN_10,1003.0,0,fine sandstone,human,-1.2343300392719558,1.4789077240715873,-1.9186285401390868
SYN_10,1004.0,3,mudstone,human,0.3415390430679144,-0.02663569105236563,0.11858236407634995
SYN_10,1005.0,4,silty mudstone,human,-0.3430290053274471,2.1592229212059744,-0.7021509072927398
SYN_10,1006.0,0,fine sandstone,human,-1.1685850689464385,0.7789986125468492,-0.7223646425219947
SYN_10,1007.0,0,fine sandstone,human,-0.6918143141483271,1.02385806770463,-0.652097857871907
SYN_10,1008.0,0,fine sandstone,human,-1.425516528054525,0.5728923711831224,-0.8267462964841539
SYN_10,1009.0,3,mudstone,human,0.6194179036913496,-0.3032599233245745,-0.06831619058316515
SYN_10,1010.0,3,mudstone,human,1.0513768321604704,-0.9769242503493492,-1.101568756716788
SYN_10,1011.0,3,mudstone,human,1.9816495942257308,-0.8605057889391425,-1.8228648483986185
SYN_10,1012.0,0,fine sandstone,human,-1.9142606137862752,0.4960675393866152,-0.8235613927665928
SYN_10,1013.0,4,silty mudstone,human,0.8916882145404621,2.028427127746975,1.7393697812597348
SYN_10,1014.0,3,mudstone,human,1.5586232378733853,-0.6630268112734136,-0.9674449816682246
SYN_10,1015.0,3,mudstone,human,2.3054633064862546,-0.6763382566099798,-1.6900779622862103
SYN_10,1016.0,0,fine sandstone,human,-0.04017948147591599,0.6592106525437944,-0.038527983917323934
SYN_10,1017.0,4,silty mudstone,human,-0.6884329078886029,2.1161143955724495,-1.3446919516498885
SYN_10,1018.0,3,mudstone,human,1.2574636263796417,-0.007144403991218629,-0.04127648444869742
SYN_10,1019.0,3,mudstone,human,1.862839610034524,-0.1636574042529355,-0.12046476303972192
SYN_10,1020.0,0,fine sandstone,human,-1.9964025934221148,0.1247474460218918,-0.15196139554590893
SYN_10,1021.0,3,mudstone,human,1.3317625656293408,-1.006437278515538,-1.3221990948775597
SYN_10,1022.0,0,fine sandstone,human,-0.5609202725399102,1.3256176311210002,-0.7075630182961484
SYN_10,1023.0,3,mudstone,human,1.18378547456902,-0.305752312251994,-0.35681074659360634
SYN_10,1024.0,0,fine sandstone,human,-0.015243441092817278,0.5458320862915964,0.0031954692657277187
SYN_10,1025.0,3,mudstone,human,1.0282837791054469,0.235139908221634,0.19824803813406783
SYN_10,1026.0,0,fine sandstone,human,-0.5813381049370198,0.7297273477085743,-0.46008102225528774
SYN_10,1027.0,0,fine sandstone,human,-2.2178472483864846,0.7257906998519355,-1.4327326887925405
SYN_10,1028.0,3,mudstone,human,0.7456504091551386,-2.0089903529644415,-1.4600338304076173
SYN_10,1029.0,3,mudstone,human,0.46401570047847784,-1.4418082416181939,-0.7143935483471282
SYN_10,1030.0,0,fine sandstone,human,-1.8221305097365195,1.2642973599788516,-2.277135356633554
SYN_10,1031.0,4,silty mudstone,human,0.5471464524026194,1.4169399313721986,0.769202082413777
SYN_10,1032.0,4,silty mudstone,human,-0.10804057682437929,1.8570016873417063,-0.4223691745346575
SYN_10,1033.0,3,mudstone,human,1.064649253553444,-0.07165863098804237,0.09428449265793315
SYN_10,1034.0,0,fine sandstone,human,-0.6625238897717135,0.7827929502447324,-0.6890747490906345
SYN_10,1035.0,0,fine sandstone,human,-1.0378969598876466,-0.27262781116019275,0.19290076086223723
SYN_10,1036.0,3,mudstone,human,0.9612438082669348,-0.7299182508358815,-0.6137505818136988
SYN_10,1037.0,3,mudstone,human,0.9201380007771962,-1.2248542982911794,-1.1765551415108961
SYN_10,1038.0,3,mudstone,human,0.6560484618334974,-0.05315896867859793,-0.18310123078304857
SYN_10,1039.0,0,fine sandstone,human,-1.3972704369855249,1.1616393867211774,-1.710213056494769
SYN_10,1040.0,4,silty mudstone,human,0.3823659612897039,1.7182640797588096,0.6215699511176398
SYN_10,1041.0,0,fine sandstone,human,-2.0950554412377347,0.7186890249030004,-1.558953224777015
SYN_10,1042.0,0,fine sandstone,human,-0.972748111770216,-0.024825106944821318,0.07535952120503912
SYN_10,1043.0,3,mudstone,human,1.435258599030182,0.10588395940201267,0.1025035867800714
SYN_10,1044.0,0,fine sandstone,human,-1.5099926946466058,1.1569766985599497,-1.8527427445443814
SYN_10,1045.0,0,fine sandstone,human,-1.5986117755055127,0.5509453483437794,-0.9951459995533887
SYN_10,1046.0,0,fine sandstone,human,-0.33365810889290526,1.186643022540423,-0.6139757240391168
SYN_10,1047.0,4,silty mudstone,human,-1.0038193000438163,1.382732204268762,-1.3384447778226916
SYN_10,1048.0,4,silty mudstone,human,0.552605106810839,2.4139415558584627,1.3622345536575255
SYN_10,1049.0,3,mudstone,human,0.48969630389835417,-0.3810470160419768,-0.30261056887204063
SYN_10,1050.0,3,mudstone,human,0.6177806085474513,-1.3945509564851326,-0.9519372961743391
SYN_10,1051.0,0,fine sandstone,human,-1.465370966415937,0.4218600665107163,-0.44121392376219587
SYN_10,1052.0,3,mudstone,human,1.1318824839220682,-0.41614152152474604,-0.4554144608548536
SYN_10,1053.0,0,fine sandstone,human,-0.2500244927628157,0.23426388345256127,0.01644398764872726
SYN_10,1054.0,0,fine sandstone,human,-1.5912741784871625,0.640660795201774,-0.969961376421348
SYN_10,1055.0,3,mudstone,human,0.33632335204955754,-0.7832670004157394,-0.2628622803914817
SYN_10,1056.0,3,mudstone,human,1.356443346723173,-0.7020192297300584,-0.6702490850815155
SYN_10,1057.0,0,fine sandstone,human,-0.08594983900345432,-0.3911164037971908,0.04540652846836063
SYN_10,1058.0,3,mudstone,human,1.3836320453673978,-0.4189610429868552,-0.4406306257701842
SYN_10,1059.0,0,fine sandstone,human,-2.6944276792427067,0.1727253036135442,-0.31115841874344197
SYN_11,1000.0,3,mudstone,human,1.2299966375951392,-0.5988982611944661,-0.7178703497701653
SYN_11,1001.0,3,mudstone,human,0.8361745258469383,-0.8913493948806108,-0.7558797696528754
SYN_11,1002.0,3,mudstone,human,1.2400228511244962,-0.870840271760208,-1.0482111378611296
SYN_11,1003.0,3,mudstone,human,0.6677078028876917,-0.8223168495273926,-0.5738305615135039
SYN_11,1004.0,3,mudstone,human,1.3871273061379257,-0.6855617460781324,-0.912746772447797
SYN_11,1005.0,4,silty mudstone,human,1.1268695046727515,1.5306166433838657,1.8538591701189338
SYN_11,1006.0,0,fine sandstone,human,-1.7879316786681656,1.0917662953309282,-1.972544249608302
SYN_11,1007.0,0,fine sandstone,human,0.0988101227962388,0.5133495608357244,-0.03388530604135388
SYN_11,1008.0,0,fine sandstone,human,-0.482480121297553,0.9728301440490461,-0.46322812174305655
SYN_11,1009.0,4,silty mudstone,human,-1.0909370472360793,1.9637784576344202,-2.1548265933273614
SYN_11,1010.0,0,fine sandstone,human,-1.0174533842142917,0.3748028134721603,-0.2528923940898629
SYN_11,1011.0,3,mudstone,human,1.1258228488065551,-0.6602065702362107,-0.9015923223894833
SYN_11,1012.0,0,fine sandstone,human,-1.1775752245119444,0.2135993651513457,-0.11768001763431027
SYN_11,1013.0,0,fine sandstone,human,-0.9340845705233402,0.45633760808743734,-0.4476199619189976
SYN_11,1014.0,0,fine sandstone,human,-0.27374577459520155,0.8282291993083971,-0.23126029913467433
SYN_11,1015.0,4,silty mudstone,human,1.2492490281314734,1.9433404013978108,2.514933629181007
SYN_11,1016.0,3,mudstone,human,0.9343645708775374,-0.7325892061482107,-0.6034183332407589
SYN_11,1017.0,4,silty mudstone,human,0.20144976588792102,1.9371768723009704,0.3804451321302161
SYN_11,1018.0,0,fine sandstone,human,-1.072397864777434,0.6909794486718982,-0.8758312380768054
SYN_11,1019.0,3,mudstone,human,1.8447427119201887,-0.842039389137488,-1.6763334609064897
SYN_11,1020.0,3,mudstone,human,1.1717361744441703,-0.8705881752699551,-0.8973300997831444
SYN_11,1021.0,0,fine sandstone,human,-0.7202839009185762,0.46411093878622983,-0.4261192099110547
SYN_11,1022.0,4,silty mudstone,human,0.5813042974090717,1.4095819074842355,0.6790588469594068
SYN_11,1023.0,3,mudstone,human,0.21375084446280956,-0.1891907115909104,-0.19989708977507858
SYN_11,1024.0,0,fine sandstone,human,-1.7217580470966232,1.1017836559473029,-1.8200713217161444
SYN_11,1025.0,3,mudstone,human,0.4829093507738178,-0.8490991144752792,-0.316195206499924
SYN_11,1026.0,3,mudstone,human,1.241539998770711,-0.775412248164696,-0.9546245207214428
SYN_11,1027.0,4,silty mudstone,human,0.4552428465003798,1.2054673011036467,0.4434653545382943
SYN_11,1028.0,3,mudstone,human,1.7381151939670456,0.33328769348408194,0.6662754519325433
SYN_11,1029.0,3,mudstone,human,1.0229315614432641,-0.8829514904241578,-0.9007648339801018
SYN_11,1030.0,0,fine sandstone,human,-0.4945255689093152,1.3873802290014987,-0.690311508699134
SYN_11,1031.0,0,fine sandstone,human,-0.8513459255508374,0.03675683404873897,-0.04803024997351761
SYN_11,1032.0,0,fine sandstone,human,-0.26809247648708934,0.6884371602823246,-0.14200478903063923
SYN_11,1033.0,0,fine sandstone,human,-0.577931429132523,1.1676843091420686,-0.6681478132774712
SYN_11,1034.0,3,mudstone,human,0.8201969783888233,-1.6222331907180818,-1.4495594311598734
SYN_11,1035.0,0,fine sandstone,human,-1.2412176485216329,1.1163377933613372,-1.3683040926966097
SYN_11,1036.0,3,mudstone,human,1.7571838460138292,-1.150017870066705,-2.2015064970080767
SYN_11,1037.0,3,mudstone,human,1.4586521606611222,0.34766968895601713,0.5237191963004663
SYN_11,1038.0,0,fine sandstone,human,-1.3719751645970917,1.2010634672079972,-1.510344232117496
SYN_11,1039.0,0,fine sandstone,human,-1.73762665111418,0.5879991237596655,-0.9240811533562581
SYN_11,1040.0,3,mudstone,human,1.2647930584047313,-0.9379906977213739,-1.2189922827966797
SYN_11,1041.0,3,mudstone,human,0.6449477462966617,-1.2686230224939075,-0.7898208509717766
SYN_11,1042.0,0,fine sandstone,human,-1.7806333584298293,0.6993926262731673,-1.3417711416946616
SYN_11,1043.0,4,silty mudstone,human,0.4646866565846247,1.5783903809835875,0.7038841203643621
SYN_11,1044.0,3,mudstone,human,0.2785325152046568,-0.43078139125036663,-0.16816666769466723
SYN_11,1045.0,0,fine sandstone,human,-1.5177073484422814,0.9578727416395599,-1.3686447958375325
SYN_11,1046.0,3,mudstone,human,2.03894461379451,-0.4564705280217323,-0.9129174392652235
SYN_11,1047.0,3,mudstone,human,0.6032111279780941,-0.8870352682363454,-0.42424749750740326
SYN_11,1048.0,0,fine sandstone,human,-1.325627672847784,1.6534301415713801,-2.3189580281796185
SYN_11,1049.0,0,fine sandstone,human,-1.1582761104879569,0.6644098881907323,-0.839096110382354
SYN_11,1050.0,3,mudstone,human,0.9649519627376555,-0.6325879325589219,-0.5956298082397496
SYN_11,1051.0,3,mudstone,human,1.0870884160032095,-0.018613259632781265,0.22630451114010888
SYN_11,1052.0,4,silty mudstone,human,0.6451874570674655,1.9656517681486727,1.1682783921471476
SYN_11,1053.0,0,fine sandstone,human,-1.3593084433697304,-0.07728992263196643,0.15251048395450956
SYN_11,1054.0,0,fine sandstone,human,-1.8705127851198466,1.1113902031677632,-2.1548292878362907
SYN_11,1055.0,0,fine sandstone,human,-0.8592703470612071,1.0327054797789252,-1.0759300465532315
SYN_11,1056.0,0,fine sandstone,human,-1.4915794480206424,0.9528683349877441,-1.3734865575520034
SYN_11,1057.0,3,mudstone,human,1.5850310277645483,-0.6968564298071206,-1.1138141503605117
SYN_11,1058.0,0,fine sandstone,human,-0.07265961898587925,0.8738912714732514,0.018734214739805438
SYN_11,1059.0,3,mudstone,human,1.0010274839025868,-1.2780550272642337,-1.2327242381998138
SYN_12,1000.0,4,silty mudstone,human,-0.25755173522503727,0.38574127917072665,-0.1542186368847948
SYN_12,1001.0,0,fine sandstone,human,-1.293492013240796,0.2689282186860021,-0.4465556215151682
SYN_12,1002.0,3,mudstone,human,1.0087785427165168,-0.8801605628432445,-0.8760084745537612
SYN_12,1003.0,3,mudstone,human,0.5129209986921521,0.2440325211140011,0.17739631533727293
SYN_12,1004.0,0,fine sandstone,human,-1.233762173121855,0.21207873740615468,-0.36041740594065735
SYN_12,1005.0,3,mudstone,human,1.487764697132975,-0.9018462241004245,-1.3388645611958803
SYN_12,1006.0,4,silty mudstone,human,0.38102479763375097,1.3312854901253979,0.5306885293162481
SYN_12,1007.0,0,fine sandstone,human,-2.168067002801433,0.12112018826689203,-0.4577895406624264
SYN_12,1008.0,3,mudstone,human,0.8280407371525109,-0.9108295623936442,-0.5813075806265214
SYN_12,1009.0,0,fine sandstone,human,-1.5796752987338034,0.6713381027816409,-1.021888260055067
SYN_12,1010.0,3,mudstone,human,1.8144791413611707,-0.47601915403434414,-0.792750559728144
SYN_12,1011.0,0,fine sandstone,human,-0.16973635428621847,-0.23957804242700997,-0.020678126177855978
SYN_12,1012.0,0,fine sandstone,human,-1.3620986731532416,0.5610244467197674,-0.8312364635913643
SYN_12,1013.0,3,mudstone,human,1.6302835453929196,-1.0157448266916858,-1.7250000476501528
SYN_12,1014.0,0,fine sandstone,human,-0.9038160723352886,0.22294049148875889,-0.31043587144090723
SYN_12,1015.0,0,fine sandstone,human,-1.8745486808790375,0.5233948165311946,-0.8843992146214312
SYN_12,1016.0,3,mudstone,human,1.4749739949803577,-0.48762791306282444,-0.7125390199178124
SYN_12,1017.0,0,fine sandstone,human,-1.4679532801411854,0.5401879031697157,-0.9202507331661541
SYN_12,1018.0,0,fine sandstone,human,-1.076663946534475,1.0862688956438715,-1.3366844030322271
SYN_12,1019.0,4,silty mudstone,human,0.8611738132305806,0.5095430520592352,0.3561575322447356
SYN_12,1020.0,4,silty mudstone,human,-0.4550814549030461,1.2279163868693264,-0.5997638600845743
SYN_12,1021.0,0,fine sandstone,human,-0.47686387500299476,0.08308262635722441,-0.13751918998052975
SYN_12,1022.0,3,mudstone,human,0.6262942938069511,-0.991562271942988,-0.6909591787803151
SYN_12,1023.0,3,mudstone,human,0.30055504111638043,-0.5911092415668084,-0.19720028433400755
SYN_12,1024.0,3,mudstone,human,1.575924639018342,-0.10186314997769341,-0.3225143326464843
SYN_12,1025.0,0,fine sandstone,human,-0.3047770656263791,0.8374380049948774,-0.1348761900596745
SYN_12,1026.0,0,fine sandstone,human,-1.2190920574200377,0.9056582858873662,-1.0539637923723333
SYN_12,1027.0,0,fine sandstone,human,-0.4295620430960375,0.2785425267889292,-0.18568293989859808
SYN_12,1028.0,3,mudstone,human,0.8950982593326644,-0.03896891660772184,0.11218560415026935
SYN_12,1029.0,0,fine sandstone,human,-1.7760103285403621,0.8561847933611835,-1.528273846809818
SYN_12,1030.0,3,mudstone,human,0.9124684107600136,-0.43912892068689313,-0.21884642720710834
SYN_12,1031.0,3,mudstone,human,1.369637395493844,-0.9319626709840354,-1.3423769874026863
SYN_12,1032.0,3,mudstone,human,1.3273146139035883,-0.5690157776948528,-0.6442622260192017
SYN_12,1033.0,3,mudstone,human,1.8234173207573336,-0.5693016465561909,-0.9786447564561818
SYN_12,1034.0,0,fine sandstone,human,-0.22137657413693124,1.257144546315923,-0.36932750057768027
SYN_12,1035.0,0,fine sandstone,human,-1.925123836064682,-0.072883405193376,-0.03599033282639977
SYN_12,1036.0,3,mudstone,human,1.27466525554995,-1.3172905770823227,-1.6117880619232894
SYN_12,1037.0,0,fine sandstone,human,-1.5910326259792846,1.0855177253294261,-1.6650142765166747
SYN_12,1038.0,0,fine sandstone,human,-1.0544367927654166,0.8323813575559114,-1.008211073199857
SYN_12,1039.0,0,fine sandstone,human,-2.502324278602575,0.3234245758334035,-0.768365115798485
SYN_12,1040.0,3,mudstone,human,0.32626648394198776,-0.3804827529991113,-0.06846385484343909
SYN_12,1041.0,4,silty mudstone,human,0.20752065455288118,1.7215952306097286,0.3435054750954458
SYN_12,1042.0,4,silty mudstone,human,0.21894137563264807,0.9542138482102083,0.30958574132305644
SYN_12,1043.0,0,fine sandstone,human,-0.9724843210727285,0.8575838862784905,-0.9141287928651689
SYN_12,1044.0,3,mudstone,human,0.21823310796558737,-0.09624474412555128,-0.17380989926658758
SYN_12,1045.0,3,mudstone,human,0.853212140635486,-0.7693633994757842,-0.6368312163939961
SYN_12,1046.0,3,mudstone,human,1.215935166830833,-0.7229524649865374,-1.0276924648656593
SYN_12,1047.0,4,silty mudstone,human,-0.015800023044150763,1.5412862363012814,0.02407522446576607
SYN_12,1048.0,0,fine sandstone,human,-1.0326999762023357,1.1544871207777647,-1.1134208825136789
SYN_12,1049.0,3,mudstone,human,0.33427427182922387,-0.6795141812836977,-0.18820551525640375
SYN_12,1050.0,0,fine sandstone,human,-1.4422844053266615,1.3427829685970525,-1.9968914046789699
SYN_12,1051.0,4,silty mudstone,human,-0.5737550379286668,0.6994588501807191,-0.4531031213303358
SYN_12,1052.0,0,fine sandstone,human,-1.4166471164384542,0.4008087205365525,-0.7937214826106523
SYN_12,1053.0,0,fine sandstone,human,-1.152247750411323,1.1676024757771013,-1.4137534008432786
SYN_12,1054.0,3,mudstone,human,1.3775395045097472,-1.0136234096064811,-1.4817769650561132
SYN_12,1055.0,3,mudstone,human,1.790656562121731,-0.33629507899810807,-0.5155565273758039
SYN_12,1056.0,3,mudstone,human,2.3413197386586875,-0.6913113832604494,-1.6210626397521177
SYN_12,1057.0,3,mudstone,human,1.1409781136215968,0.03085296263225401,0.12966896799098404
SYN_12,1058.0,0,fine sandstone,human,-1.625001307069336,0.2018141000187097,-0.2904884757597869
SYN_12,1059.0,3,mudstone,human,1.3441222995392588,-0.4520499487635542,-0.5526534204577835
